Country,Athlete,G,S,B
China,Zhang Yufei,0,1,5
France,Leon Marchand,4,0,1
United States,Torri Huske,3,2,0
Australia,Mollie O'Callaghan,3,1,1
United States,Regan Smith,2,3,0
Australia,Kaylee McKeown,2,1,2
United States,Simone Biles,3,1,0
Canada,Summer McIntosh,3,1,0
Japan,Shinnosuke Oka,3,0,1
United States,Gretchen Walsh,2,2,0
United States,Kate Douglass,2,2,0
Australia,Ariarne Titmus,2,2,0
United States,Katie Ledecky,2,1,1
Brazil,Rebeca Andrade,1,2,1
China,Yang Junxuan,0,1,3
South Korea,Kim Woojin,3,0,0
South Korea,Lim Sihyeon,3,0,0
United States,Gabrielle Thomas,3,0,0
New Zealand,Lisa Carrington,3,0,0
Netherlands,Harrie Lavreysen,3,0,0
United States,Caeleb Dressel,2,1,0
New Zealand,Ellesse Andrews,2,1,0
China,Pan Zhanle,2,1,0
China,Sun Yingsha,2,1,0
United,States,Nic Fink,1,2,0
China,Zou Jingyuan,1,2,0
China,Xu Jiayu,1,2,0
Australia,Meg Harris,1,2,0
United States,Ryan Murphy,1,1,1
Netherlands,Femke Bol,1,1,1
Australia,Emma McKeon,1,1,1
United States,Sunisa Lee,1,0,2
Netherlands,Sifan Hassan,1,0,2
Great Britain,Emma Finucane,1,0,2
Hungary,Tamara Csipes,0,2,1
China,Zhang Boheng,0,2,1
China,Tang Qianting,0,2,1
Australia,Matthew Richardson,0,2,1
Australia,Kyle Chalmers,0,2,1
South Korea,Oh Sanguk,2,0,0
Philippines,Carlos Edriel Yulo,2,0,0
United States,Kristen Faulkner,2,0,0
United States,Rai Benjamin,2,0,0
United States,Sydney McLaughlin-Levrone,2,0,0
United States,Jennifer Valente,2,0,0
United States,Lee Kiefer,2,0,0
Sweden,Sarah Sjostrom,2,0,0
New Zealand,Alicia Hoskin,2,0,0
Kenya,Beatrice Chebet,2,0,0
Germany,Max Lemke,2,0,0
Germany,Jessica von Bredow-Werndl,2,0,0
Germany,Jacob Schopf,2,0,0
France,Teddy Riner,2,0,0
China,Wang Chuqin,2,0,0
China,Chen Yiwen,2,0,0
China,Fan Zhendong,2,0,0
China,Chen Meng,2,0,0
China,Quan Hongchan,2,0,0
China,Sheng Lihao,2,0,0
Belgium,Remco Evenepoel,2,0,0
Australia,Shayna Jack,2,0,0
Australia,Jessica Fox,2,0,0
South Korea,Nam Suhyeon,1,1,0
Portugal,Iuri Leitao,1,1,0
Saint Lucia Julien Alfred,1,1,0
Ecuador,Brian Daniel Pintado,1,1,0
Botswana,Letsile Tebogo,1,1,0
United States,Charlie Swanson,1,1,0
United States,Alex Shackell,1,1,0
United States,Lauren Scruggs,1,1,0
United States,Sha'Carri Richardson,1,1,0
United States,Chris Guiliano,1,1,0
United States,Kaylyn Brown,1,1,0
United States,Hunter Armstrong,1,1,0
United States,Jack Alexy,1,1,0
United States,Bobby Finke,1,1,0
United States,Vernon Norwood,1,1,0
United States,Bryce Deadmon,1,1,0
United States,Abbey Weitzeil,1,1,0
United States,Shamier Little,1,1,0
Spain,Maria Perez,1,1,0
South Africa,Tatjana Smith,1,1,0
Romania,Ioana Vrinceanu,1,1,0
Romania,Roxana Anghel,1,1,0
Romania,Simona Radis,1,1,0
Romania,Ancuta Bodnar,1,1,0
Netherlands,Cathelijin Peeters,1,1,0
Netherlands,Lieke Klaver,1,1,0
Kenya,Faith Kipyegon,1,1,0
Japan,Kano Koki,1,1,0
Japan,Natsumi Tsunoda,1,1,0
Japan,Hifumi Abe,1,1,0
Japan,Takanori Nagase,1,1,0
Italy,Alice D'Amato,1,1,0
Hungary,Kristof Milak,1,1,0
Great Britain,Matthew Richards,1,1,0
Great Britain,Duncan Scott,1,1,0
Germany,Isabell Werth,1,1,0
France,Joan-Benjamin Gaba,1,1,0
France,Luka Mkheidze,1,1,0
China,Huang Yuting,1,1,0
China,Qin Haiyang,1,1,0
China,Chen Yuxi,1,1,0
China,Wang Zongyuan,1,1,0
China,Liu Yang,1,1,0
South Korea,Lee Wooseok,1,0,1
United States,Melissa Jefferson,1,0,1
United States,Katharine Berkoff,1,0,1
United States,Noah Lyles,1,0,1
United States,Jade Carey,1,0,1
United States,Chloe Dygert,1,0,1
Ukraine,Olga Kharlan,1,0,1
Spain,Alvaro Martin,1,0,1
Romania,David Popovici,1,0,1
Italy,Thomas Ceccon,1,0,1
Ireland,Daniel Wiffen,1,0,1
Great Britain,Laura Collett,1,0,1
Great Britain,Alex Yee,1,0,1
France,Maxime-Gael Ngayap Hambou,1,0,-1
France,Sarah Leonie Cysique,1,0,1
France,Romane Dicko,1,0,1
France,Amandine Buchard,1,0,1
France,Shirine Boukli,1,0,1
France,Clarisse Agbegnenou,1,0,1
China,Chang Yani,1,0,1
Canada,Katie Vincent,1,0,1
Brazil,Beatriz Souza,1,0,1
United States,Simone Manuel,0,2,0
Sweden,Truls Moregard,0,2,0
Japan,Sanshiro Murao,0,2,0
Italy,Filippo Macchi,0,2,0
France,Auriane Mallo-Breton,0,2,0
South Korea,Kim Minjong,0,1,1
South Korea,Huh Mimi,0,1,1
United States,Austen Jewell Smith,0,1,1
United States,Luke Hobson,0,1,1
United States,Carson Foster,0,1,1
United States,Paige Madden,0,1,1
United States,Brady Ellison,0,1,1
North Korea,Kim Mi Rae,0,1,1
New Zealand,Ally Wollaston,0,1,1
Mexico,Osmar Olvera Ibarra,0.1,1,1
Japan,Hina Hayata,0,1,1
Japan,Soichi Hashimoto,0,1,1
Japan,Haruka Funakubo,0,1,1
Japan,Ryuju Nagayama,0,1,1
Italy,Manila Esposito,0,1,1
Italy,Simone Consonni,0,1,1
Italy,Filippo Ganna,0,1,1
Italy,Gregorio Paltrinieri,0,1,1
Hungary,Alida Gazso,0,1,1
Great Britain,Jack Carlin,0,1,1
Great Britain,Noah Williams,0,1,1
Great Britain,Matthew Hudson-Smith,0,1,1
Great Britain,Elinor Barker,0,1,1
Germany,Paulina Paszek,0,1,1
Germany,Lea Friedrich,0,1,1
Germany,Jule Marie Hake,0,1,1
China,Xiao Ruoteng,0,1,1
Brazil,Willian Lima,0,1,1
Australia,Kai Taylor,0,1,1
Australia,Flynn Southam,0,1,1
Australia,Iona Anderson,0,1,1
Australia,Elijah Winnington,0,1,1
Australia,Zac Stubblety-Cook,0,1,1
South Korea,Kim Hayun,0,0,2
South Korea,Lee Joonhwan,0,0,2
South Korea,Shin Yubin,0,0,2
United States,Stephen Nedoroscik,0,0,2
United States,Jasmine Moore,0,0,2
United States,Grant Fisher,0,0,2
India,Manu Bhaker,0,0,2
Hungary,Sara Fojt,0,0,2
Hungary,Noemi Pupp,0,0,2
Hong Kong,Siobhan Bernadette Haughey,0,0,2
Great Britain,Samuel Reardon,0,0,2
Great Britain,Alex Haydock-Wilson,0,0,2
Great Britain,Amber Anning,0,0,2
Great Britain,Kimberley Woods,0,0,2
Great Britain,Charlotte Fry,0,0,2
Great Britain,Laviai Nielsen,0,0,2
Great Britain,Nicole Yeargin,0,0,2
Great Britain,Beth Potter,0,0,2
France,Felix Lebrun,0,0,2
France,Florent Manaudou,0,0,2
China,Wu Qingfeng,0,0,2
China,Yu Yiting,0,0,2
Canada,Ilya Kharun,0,0,2
Brazil,Larissa Pimenta,0,0,2
Australia,Jemima Montag,0,0,2
Australia,Matthew Glaetzer,0,0,2
Individual Neutral Athletes,Ivan Litvinovich,1,0,
Chinese Taipei,Lin Yu Ting,1,0,0
Chinese Taipei,Wang Chi-Lin,1,0,0
Chinese Taipei,Lee Yang,1,0,0
Bahrain,Akhmed Tazhudinov,1,0,0
Bahrain,Winfred Yavi,1,0,0
South Korea,Kim Yujin,1,0,0
South Korea,Park Taejoon,1,0,0
South Korea,An Se Young,1,0,0
South Korea,Yang Jiin,1,0,0
South Korea,Ban Hyojin,1,0,0
South Korea,Jeon Hun-Young,1,0,0
South Korea,Oh Ye Jin,1,0,0
South Korea,Kim Je Deok,1,0,0
Uganda,Joshua Cheptegei,1,0,0
Tunisia,Firas Katoussi,1,0,0
Portugal,Rui Oliveira,1,0,0
Morocco,Soufiane El Bakkali,1,0,0
Indonesia,Rizki Juniansyah,1,0,0
Indonesia,Veddriq Leonardo,1,0,0
Guatemala,Adriana Ruano Oliva,1,0,0
Ethiopia,Tamirat Tola,1,0,0
Egypt,Ahmed Elgendy,1,0,0
Dominican Republic,Marileidy Paulino,1,0,0
Dominica,Thea Lafond,1,0,0
Cuba,Erislandy Alvarez Borges,1,0,0
Cuba,Mijain Lopez,1,0,0
Algeria,Kaylia Neymour,1,0,0
Algeria,Imane Khelif,1,0,0
Serbia,Zorana Arunovic,1,0,0
Serbia,Novak Djokovic,1,0,0
Serbia,Damir Mikec,1,0,0
Uzbekistan,Razambek Salambekovitch Jamalov,1,0,0
Uzbekistan,Abdulmalik Khalokov,1,0,0
Uzbekistan,Asadkhuja Muydinkhujaev,1,0,0
Uzbekistan,Diyora Keldiyorova,1,0,0
Uzbekistan,Ulugbek Rashitov,1,0,0
Uzbekistan,Bakhodir Jalolov,1,0,0
Uzbekistan,Hasanboy Dusmatov,1,0,0
United States,Emma Weber,1,0,0
United States,Twanisha Terry,1,0,0
United States,Kristina Teachout,1,0,0
United States,Scottie Scheffler,1,0,0
United States,Masai Russell,1,0,0
United States,Hezly Rivera,1,0,0
United States,Olivia Reeves,1,0,0
United States,Matt King,1,0,0
United States,Alexis Holmes,1,0,0
United States,Quincy Hall,1,0,0
United States,Amit Elor,1,0,0
United States,Aaliyah Butler,1,0,0
United States,Aaron Brooks,1,0,0
United States,Chris Bailey,1,0,0
United States,Sarah Hildebrandt,1,0,0
United States,Jordan Chiles,1,0,0
United States,Caroline Marks,1,0,0
United States,Lily Williams,1,0,0
United States,Michael Grady,1,0,0
United States,Nicholas Mead,1,0,0
United States,Grant Holloway,1,0,0
United States,Cole Hocker,1,0,0
United States,Quanera Hayes,1,0,0
United States,Liam Corrigan,1,0,0
United States,Justin Best,1,0,0
United States,Valarie Allman,1,0,0
United States,Tara Davis-Woodhall,1,0,0
United States,Ryan Crouser,1,0,0
United States,Ryan Held,1,0,0
United States,Lilly King,1,0,0
United States,Quincy Wilson,1,0,0
Ukraine,Oleksandr Khyzhniak,1,0,0
Ukraine,Yaroslava Mahuchikh,1,0,0
Thailand,Panipak Wongpattanakit,1,0,0
Switzerland,Chiara Leone,1,0,0
Sweden,Jonatan Hellvig,1,0,0
Sweden,David Ahman,1,0,0
Sweden,Armand Duplantis,1,0,0
Spain,Jordan Alejandro Diaz Fortun,1,0,0
Spain,Diego Botin le Chever,1,0,0
Spain,Florian Trittel Paul,1,0,0
Slovenia,Andreja Leski,1,0,0
Slovenia,Janja Garnbret,1,0,0
Romania,Victoria Stefania Petreanu,1,0,0
Romania,Adriana Adam,1,0,0
Romania,Maria Lehaci,1,0,0
Romania,Maria Magdalena Rusu,1,0,0
Romania,Andrei Sebastian Cornea,1,0,0
Romania,Marian Florian Enache,1,0,0
Romania,Amalia Beres,1,0,0
Poland,Aleksandra Miroslaw,1,0,0
Pakistan,Arshad Nadeem,1,0,0
Norway,Solfrid Eila Amena Koanda,1,0,0
Norway,Markus Rooth,1,0,0
Norway,Jakob Ingebrigtsen,1,0,0
New Zealand,Tara Vaughan,1,0,0
New Zealand,Olivia Brett,1,0,0
New Zealand,Finn Butcher,1,0,0
New Zealand,Brooke Francis,1,0,0
New Zealand,Hamish Kerr,1,0,0
New Zealand,Lucy Spoors,1,0,0
New Zealand,Lydia Ko,1,0,0
Netherlands,Isaya Klein Ikkink,1,0,0
Netherlands,Eugene Omalla,1,0,0
Netherlands,Odile Van Aanholt,1,0,0
Netherlands,Benthe Boonstra,1,0,0
Netherlands,Tinka Offereins,1,0,0
Netherlands,Hermijntje Drenth,1,0,0
Netherlands,Marloes Oldenburg,1,0,0
Netherlands,Lennart van Lierop,1,0,0
Netherlands,Finn Florijn,1,0,0
Netherlands,Roy van den Berg,1,0,0
Netherlands,Karolien Florijn,1,0,0
Netherlands,Veronique Meester,1,0,0
Netherlands,Ymkje Clevering,1,0,0
Netherlands,Koen Metsemakers,1,0,0
Netherlands,Annette Duetz,1,0,0
Netherlands,Jeffrey Hoogland,1,0,0
Netherlands,Tone Wieten,1,0,0
Netherlands,Marit Bouwmeester,1,0,0
Netherlands,Sharon van Rouwendaal,1,0,0
Kenya,Emmanuel Wanyonyi,1,0,0
Kazakhstan,Yeldos Smetov,1,0,0
Japan,Yuka Kagami,1,0,0
Japan,Kotaro Kiyooka,1,0,0
Japan,Sakura Motoki,1,0,0
Japan,Tsugumi Sakurai,1,0,0
Japan,Akari Fujinami,1,0,0
Japan,Nao Kusaka,1,0,0
Japan,Kenichiro Fumita,1,0,0
Japan,Yoshizawa Coco,1,0,0
Japan,Takaaki Sugino,1,0,0
Japan,Wataru Tanigawa,1,0,0
Japan,Daiki Hashimoto,1,0,0
Japan,Yuto Horigome,1,0,0
Japan,Kazuma Kaya,1,0,0
Japan,Haruka Kitaguchi,1,0,0
Japan,Rei Higuchi,1,0,0
Jamaica,Roje Stona,1,0,0
Italy,Gulia Rizzi,1,0,0
Italy,Chiara Consonni,1,0,0
Italy,Alberta Santuccio,1,0,0
Italy,Alice Bellandi,1,0,0
Italy,Jasmine Paolini,1,0,0
Italy,Nicola Martinenghi,1,0,0
Italy,Vittoria Guazzini,1,0,0
Italy,Caterina Banti,1,0,0
Italy,Marta Maggetti,1,0,0
Italy,Ruggero Tita,1,0,0
Italy,Giovanni De Gennaro,1,0,0
Italy,Diana Bacosi,1,0,0
Italy,Gabriele Rossetti,1,0,0
Italy,Rossella Fiamingo,1,0,0
Italy,Mara Navarria,1,0,0
Italy,Sara Errani,1,0,0
Israel,Tom Reuveny,1,0,0
Ireland,Kellie Harrington,1,0,0
Ireland,Rhys McClenaghan,1,0,0
Ireland,Fintan McCarthy,1,0,0
Ireland,Paul O'Donovan,1,0,0
Iran,Arian Salimi,1,0,0
Iran,Saeid Esmaeili Leivesi,1,0,0
Iran,Mohammadhadi Saravi,1,0,0
Hungary,Viviana Marton,1,0,0
Hungary,Hubert Kos,1,0,0
Hungary,Michelle Gulyas,1,0,0
Hungary,Kristof Rasovszky,1,0,0
Hong Kong,Cheung Ka Long,1,0,0
Hong Kong,Kong,Man Wai Vivian,1,0,0
Greece,Miltiadis Tentoglou,1,0,0
Great Britain,Eleanor Aldridge,1,0,0
Great Britain,Sophie Capewell,1,0,0
Great Britain,Toby Roberts,1,0,0
Great Britain,Lauren Henry,1,0,0
Great Britain,Nathan Hales,1,0,0
Great Britain,Tom Digby,1,0,0
Great Britain,Rosalind Canter,1,0,0
Great Britain,Harry Brightmore,1,0,0
Great Britain,Georgia Brayshaw,1,0,0
Great Britain,Morgan Bolding,1,0,0
Great Britain,Lola Anderson,1,0,0
Great Britain,Harry Charles,1,0,0
Great Britain,Jack McMillan,1,0,0
Great Britain,Thomas Dean,1,0,0
Great Britain,Hannah Scott,1,0,0
Great Britain,Jacob Dawson,1,0,0
Great Britain,James Rudkin,1,0,0
Great Britain,Imogen Grant,1,0,0
Great Britain,Emily Craig,1,0,0
Great Britain,Tom Pidcock,1,0,0
Great Britain,Tom McEwen,1,0,0
Great Britain,Kieran Bird,1,0,0
Great Britain,Tom Ford,1,0,0
Great Britain,Charles Elwes,1,0,0
Great Britain,Sholto Carnegie,1,0,0
Great Britain,Rory Gibbs,1,0,0
Great Britain,Keely Hodgkinson,1,0,0
Great Britain,Katy Marchant,1,0,0
Great Britain,Bryony Page,1,0,0
Great Britain,James Guy,1,0,0
Great Britain,Scott Brash,1,0,0
Great Britain,Ben Maher,1,0,0
Germany,Yemisi Ogunleye,1,0,0
Germany,Darja Varfolomeev,1,0,0
Germany,Lasse Luehrs,1,0,0
Germany,Tim Hellwig,1,0,0
Germany,Lisa Tertsch,1,0,0
Germany,Frederic Wandres,1,0,0
Germany,Lukas Maertens,1,0,0
Germany,Oliver Zeidler,1,0,0
Germany,Laura Lindemann,1,0,0
Germany,Tom Liebscher,1,0,0
Germany,Max Rendschmidt,1,0,0
Germany,Michael Jung,1,0,0
Germany,Christian Kukuk,1,0,0
Georgia,Lasha Bekauri,1,0,0
Georgia,Geno Petriashvili,1,0,0
Georgia,Lasha Talakhadze,1,0,0
France,Kauli Vaast,1,0,0
France,Joris Daudut,1,0,0
France,Manon Apithy-Brunet,1,0,0
France,Nicolas Gestin,1,0,0
France,Althea Laurin,1,0,0
France,Benjamin Thomas,1,0,0
France,Cassandre Beaugrand,1,0,0
France,Pauline Ferrand-Prevot,1,0,0
Denmark,Viktor Axelsen,1,0,0
Czechia,Tomas Machac,1,0,0
Czechia,Katerina Siniakova,1,0,0
Czechia,Martin Fuksa,1,0,0
Czechia,Josef Dostal,1,0,0
Croatia,Barbara Matic,1,0,0
Croatia,Martin Sinkovic,1,0,0
Croatia,Valent Sinkovic,1,0,0
China,Wang Liuyi,1,0,0
China,Wang Manyu,1,0,0
China,Wang Lanjing,1,0,0
China,Ding Xinyi,1,0,0
China,Liu Huanhua,1,0,0
China,Luo Shifang,1,0,0
China,Ji Bowen,1,0,0
China,Wang Changhao,1,0,0
China,Wu Yu,1,0,0
China,Jia Yi Fan,1,0,0
China,Chen Qing Chen,1,0,0
China,Huang Ya Qiong,1,0,0
China,Zheng Si Wei,1,0,0
China,Liu Yukun,1,0,0
China,Xie Yu,1,0,0
China,Zheng Qinwen,1,0,0
China,Deng Yawen,1,0,0
China,Lian Junjie,1,0,0
China,Long Daoyi,1,0,0
China,Chang Yuan,1,0,0
China,Huang Zhangjiayang,1,0,0
China,Hou Zhihui,1,0,0
China,Xie Siyi,1,0,0
China,Hao Ting,1,0,0
China,Sun Mengya,1,0,0
China,Guo Qiqi,1,0,0
China,Li Yuehong,1,0,0
China,Li Wenwen,1,0,0
China,Sun Jiajun,1,0,0
China,Wang Qianyi,1,0,0
China,Li Fabin,1,0,0
China,Xu Shixiao,1,0,0
China,Yang Jiayu,1,0,0
China,Liu Hao,1,0,0
China,Cao Yuan,1,0,0
China,Li Qian,1,0,0
China,Ma Long,1,0,0
China,Yang Hao,1,0,0
Chile,Francisca Crovetto Chadid,1,0,0
Canada,Christa Deguchi,1,0,0
Canada,Ethan Katzberg,1,0,0
Canada,Jerome Blake,1,0,0
Canada,Camryn Rogers,1,0,0
Canada,Brendon Rodney,1,0,0
Canada,Andre De Grasse,1,0,0
Canada,Aaron Brown,1,0,0
Bulgaria,Magomed Eldarovitch Ramazanov,1,0,0
Bulgaria,Karlos May Nasar,1,0,0
Bulgaria,Semen Sergeevich Novikov,1,0,0
Brazil,Ana Patricia Silva Ramos,1,0,0
Brazil,Eduarda Santos Lisboa,1,0,0
Belgium,Nafissatou Thiam,1,0,0
Azerbaijan,Hidayat Heydarov,1,0,0
Azerbaijan,Zelym Kotsoiev,1,0,0
Austria,Valentin Bontus,1,0,0
Austria,Lukas Maehr,1,0,0
Austria,Lara Vadlau,1,0,0
Australia,Conor Leahy,1,0,0
Australia,Sam Welsford,1,0,0
Australia,Oliver Bleddyn,1,0,0
Australia,Arisa Trew,1,0,0
Australia,Noemie Fox,1,0,0
Australia,Olivia Wunsch,1,0,0
Australia,Jamie Perkins,1,0,0
Australia,Lani Pallister,1,0,0
Australia,Matthew Wearn,1,0,0
Australia,Kelland O'Brien,1,0,0
Australia,Saya Sakakibara,1,0,0
Australia,Nina Kennedy,1,0,0
Australia,Keegan Palmer,1,0,0
Australia,Grace Brown,1,0,0
Australia,John Peers,1,0,0
Australia,Brianna Throssell,1,0,0
Australia,Cameron McEvoy,1,0,0
Australia,Matthew Ebden,1,0,0
Australia,Bronte Campbell,1,0,0
Argentina,Jose Torres Gil,1,0,0
Individual Neutral Athletes,Yauheni Zalaty,0,1,0
Individual Neutral Athletes,Viyaleta Bardzilouskaya,0,1,0
Individual Neutral Athletes,Mirra Andreeva,0,1,0
Individual Neutral Athletes,Diana Shnaider,0,1,0
Kosovo,Distria Krasniqi,0,1,0
Bahrain,Salwa Eid Naser,0,1,0
South Korea,Park Hyejeong,0,1,0
South Korea,Cho Yeongjae,0,1,0
South Korea,Jeong Na Eun,0,1,0
South Korea,Kim Won Ho,0,1,0
South Korea,Park Hajun,0,1,0
South Korea,Keum Jihyeon,0,1,0
South Korea,Kim Yeji,0,1,0
Colombia,Mari Leivis Sanchez,0,1,0
Colombia,Yelson Lopez,0,1,0
Colombia,Angel Barajas,0,1,0
Uganda,Peruth Chemutai,0,1,0
Tunisia,Fares Ferjani,0,1,0
Portugal,Pedro Pichardo,0,1,0
Panama,Atheyna Bibeichi Bylon,0,1,0
Jordan,Zaid Kareem,0,1,0
Ethiopia,Tigst Assefa,0,1,0
Ethiopia,Tsige Duguma,0,1,0
Ethiopia,Berihu Aregawi,0,1,0
Egypt,Sara Ahmed,0,1,0
Ecuador,Lucia Yamileth Yepez Guzman,0,1,0
Ecuador,Glenda Morejon,0,1,0
Cuba,Yusneylis Guzman Lopez,0,1,0
Botswana,Anthony Pesela,0,1,0
Botswana,Busang Collen Kebinatshipi,0,1,0
Botswana,Bayapo Ndori,0,1,0
Serbia,Aleksandra Perisic,0,1,0
Uzbekistan,Javrail Shapiev,0,1,0
Uzbekistan,Svetlana Osipova,0,1,0
Uzbekistan,Akbar Djuraev,0,1,0
United States,Kenneth Rooks,0,1,0
United States,Claire Weinstein,0,1,0
United States,Taylor Spivey,0,1,0
United States,Tom Schaar,0,1,0
United States,Seth Rider,0,1,0
United States,Anna Peplowski,0,1,0
United States,Katie Moon,0,1,0
United States,Spencer Lee,0,1,0
United States,Thomas Heilman,0,1,0
United States,Erin Gemmell,0,1,0
United States,Karl Cook,0,1,0
United States,Erika Connolly,0,1,0
United States,Kennedy Alexis Blades,0,1,0
United States,Sarah Bacon,0,1,0
United States,McLain Ward,0,1,0
United States,Austin Krajicek,0,1,0
United States,Rajeev Ram,0,1,0
United States,Annette Echikunwoke,0,1,0
United States,Daniel Roberts,0,1,0
United States,Kenneth Bednarek,0,1,0
United States,Brooks Curry,0,1,0
United States,Kieran Smith,0,1,0
United States,Drew Kibler,0,1,0
United States,Sagen Maddalena,0,1,0
United States,Morgan Pearson,0,1,0
United States,Haley Batten,0,1,0
United States,Perris Benegas,0,1,0
United States,Brooke Raboutou,0,1,0
United States,Shelby McEwen,0,1,0
United States,Katie Grimes,0,1,0
United States,Taylor Knibb,0,1,0
United States,Jagger Eaton,0,1,0
United States,Nevin Harrison,0,1,0
United States,Anna Cockrell,0,1,0
United States,Joe Kovacs,0,1,0
United States,Sam Kendricks,0,1,0
United States,Kassidy Cook,0,1,0
United States,Blake Pieroni,0,1,0
United States,Vincent Hancock,0,1,0
United States,Laura Kraut,0,1,0
Ukraine,Anastasiia Rybachok,0,1,0
Ukraine,Parviz Nasibov,0,1,0
Ukraine,Iryna Koliadenko,0,1,0
Ukraine,Illia Kovtun,0,1,0
Ukraine,Liudmyla Luzan,0,1,0
Ukraine,Serhiy Kulish,0,1,0
Turkey,Hatice Akbas,0,1,0
Turkey,Sevval Ilayda Tarhan,0,1,0
Turkey,Buse Naz Cakiroglu,0,1,0
,Yusuf Dikec,0,1,0
Thailand,Weeraphon Wichuma,0,1,0
Thailand,Theerapong Silachai,0,1,0
Thailand,Kunlavut Vitidsarn,0,1,0
Switzerland,Julie Derron,0,1,0
Switzerland,Steve Guerdat,0,1,0
Sweden,Rebecca Netzler,0,1,0
Sweden,Vilma Bobeck,0,1,0
Sweden,Victor Lindgren,0,1,0
Sweden,Anton Kallberg,0,1,0
Sweden,Kristian Karlsson,0,1,0
Spain,Ayoub Ghadfa Drissi El Aissaoui,0,1,0
Spain,Carlos Alcaraz,0,1,0
South Africa,Bradley Nkoana,0,1,0
South Africa,Shaun Maswanganyi,0,1,0
South Africa,Bayanda Walaza,0,1,0
South Africa,Jo-Ane van Dyk,0,1,0
South Africa,Akani Simbine,0,1,0
Slovenia,Toni Vodisek,0,1,0
Romania,Mihaela Valentina Cambei,0,1,0
Romania,Ionela Livia Cozmiuc,0,1,0
Romania,Gianina Elena van Groningen,0,1,0
Poland,Daria Pikulik,0,1,0
Poland,Julia Szeremeta,0,1,0
Poland,Klaudia Zwolinska,0,1,0
Norway,Karsten Warholm,0,1,0
North Korea,Jo Jin Mi,0,1,0
North Korea,Kim Kum Yong,0,1,0
North Korea,Ri Jong Sik,0,1,0
New Zealand,Nicole Shields,0,1,0
New Zealand,Emily Shearman,0,1,0
New Zealand,Shaane Fulton,0,1,0
New Zealand,William McKenzie,0,1,0
New Zealand,Isaac McHardie,0,1,0
New Zealand,Logan Ullrich,0,1,0
New Zealand,Oliver Maclean,0,1,0
New Zealand,Maddison-Lee Wesche,0,1,0
New Zealand,Rebecca Petch,0,1,0
New Zealand,Hayden Wilde,0,1,0
New Zealand,Bryony Botha,0,1,0
New Zealand,Matthew Macdonald,0,1,0
New Zealand,Thomas Murray,0,1,0
New Zealand,Emma Twigg,0,1,0
Netherlands,Myrte van der Schoot,0,1,0
Netherlands,Eveline Saalberg,0,1,0
Netherlands,Hetty van de Wouw,0,1,0
Netherlands,Dieuwke Fetter,0,1,0
Netherlands,Mick Makker,0,1,0
Netherlands,Jan van der Bij,0,1,0
Netherlands,Jacob van de Kerkhof,0,1,0
Netherlands,Gert-Jan Van Doorn,0,1,0
Netherlands,Olav Molenaar,0,1,0
Netherlands,Ralf Rienks,0,1,0
Netherlands,Manon Veenstra,0,1,0
Netherlands,Tessa Dullemans,0,1,0
Netherlands,Bente Paulis,0,1,0
Netherlands,Roos de Jong,0,1,0
Netherlands,Stefan Broenink,0,1,0
Netherlands,Laila Youssifou,0,1,0
Netherlands,Melvin Twellaar,0,1,0
Netherlands,Sander de Graaf,0,1,0
Netherlands,Lisanne de Witte,0,1,0
Netherlands,Ruben Knab,0,1,0
Netherlands,Marianne Vos,0,1,0
Mongolia,,0,1,0
Moldova,Anastasia Nichita,0,1,0
Mexico,Marco Alonso Verde Alvarez,0,1,0
Mexico,Prisca Awiti Alcaraz,0,1,0
Mexico,Juan Celaya,0,1,0
Lithuania,Mykolas Alekna,0,1,0
Kyrgyzstan,Munarbek Seiitbek Uulu,0,1,0
Kyrgyzstan,Meerim Zhumanazarova,0,1,0
Kenya,Ronald Kwemoi,0,1,0
Kazakhstan,Nariman Kurbanov,0,1,0
Kazakhstan,Nurbek Oralbay,0,1,0
Kazakhstan,Demeu Zhadrayev,0,1,0
Japan,Taishu Sato,0,1,0
Japan,Miu Hirano,0,1,0
Japan,Miwa Harimoto,0,1,0
Japan,Daichi Takatani,0,1,0
Japan,Sorato Anraku,0,1,0
Japan,Cocona Hiraki,0,1,0
Japan,Matsushita Tomoyuki,0,1,0
Japan,Akama Liz,0,1,0
Japan,Keiju Okada,0,1,0
Japan,Rikuto Tamai,0,1,0
Japan,Miho Yoshioka,0,1,0
Jamaica,Kishane Thompson,0,1,0
Jamaica,Shanieka Ricketts,0,1,0
Jamaica,Wayne Pinnock,0,1,0
Italy,Gabriel Soares,0,1,0
Italy,Federico Nico Maldini,0,1,0
Italy,Elisa Iorio,0,1,0
Italy,Luca Chiumento,0,1,0
Italy,Gabriele Casadei,0,1,0
Italy,Angela Andreoli,0,1,0
Italy,Luca Rambaldi,0,1,0
Italy,Giorgia Villa,0,1,0
Italy,Silvana Maria Stanco,0,1,0
Italy,Giacomo Gentili,0,1,0
Italy,Andrea Panizza,0,1,0
Italy,Nadia Battocletti,0,1,0
Italy,Carlo Tacchini,0,1,0
Italy,Stefano Oppo,0,1,0
Italy,Elia Viviani,0,1,0
Israel,Diana Svertsov,0,1,0
Israel,Ofir Shaham,0,1,0
Israel,Romi Paritzki,0,1,0
Israel,Adar Friedmann,0,1,0
Israel,Shani Bakanov,0,1,0
Israel,Sharon Kantor,0,1,0
Israel,Raz Hershko,0,1,0
Israel,Inbar Lanir,0,1,0
Israel,Artem Dolgopyat,0,1,0
Iran,Rahman Amouzadkhalili,0,1,0
Iran,Mehran Barkhordari,0,1,0
Iran,Nahid Kiyanichandeh,0,1,0
Iran,Alireza Mohmadipiani,0,1,0
Iran,Amir Hossein Zare,0,1,0
Iran,Hassan Yazdanicharati,0,1,0
India,Neeraj Chopra,0,1,0
Hungary,Bence Nadas,0,1,0
Hungary,Adam Varga,0,1,0
Hungary,Bence Halasz,0,1,0
Hungary,Sandor Totka,0,1,0
Greece,Apostolos Christou,0,1,0
Great Britain,Daniel Bigham,0,1,0
Great Britain,Amber Jo Rutter,0,1,0
Great Britain,Samantha Redgrave,0,1,0
Great Britain,Kieran Darren David Reilly,0,1,0
Great Britain,Bianca Williams,0,1,0
Great Britain,Hamish Turnbull,0,1,0
Great Britain,Ed Lowe,0,1,0
Great Britain,Amy Hunt,0,1,0
Great Britain,Anna Henderson,0,1,0
Great Britain,Caden Cunningham,0,1,0
Great Britain,Esme Booth,0,1,0
Great Britain,Charlie Tanfield,0,1,0
Great Britain,Josh Kerr,0,1,0
Great Britain,Isabelle Thorpe,0,1,0
Great Britain,Kate Shortman,0,1,0
Great Britain,Ethan Hayter,0,1,0
Great Britain,Neah Evans,0,1,0
Great Britain,Oliver Wood,0,1,0
Great Britain,Ethan Vernon,0,1,0
Great Britain,Tommy Fleetwood,0,1,0
Great Britain,Adam Burgess,0,1,0
Great Britain,Oliver Wynne-Griffith,0,1,0
Great Britain,Thomas George,0,1,0
Great Britain,Rebecca Shorten,0,1,0
Great Britain,Imani Lansiquot,0,1,0
Great Britain,Dina Asher-Smith,0,1,0
Great Britain,Daryll Neita,0,1,0
Great Britain,Desiree Henry,0,1,0
Great Britain,Katarina Johnson-Thompson,0,1,0
Great Britain,Benjamin Proud,0,1,0
Great Britain,Joseph Clarke,0,1,0
Great Britain,Adam Peaty,0,1,0
Great Britain,Helen Glover,0,1,0
Great Britain,Thomas Daley,0,1,0
Germany,Esther Henseleit,0,1,0
Germany,Nils Ehlers,0,1,0
Germany,Oliver Klemet,0,1,0
Germany,Pauline Jagsch,0,1,0
Germany,Leo Neugebauer,0,1,0
Germany,Elena Lilik,0,1,0
Germany,Miriam Butkereit,0,1,0
Germany,Clemens Wickler,0,1,0
Germany,Michelle Kroppen,0,1,0
Germany,Florian Unruh,0,1,0
Germany,Sarah Brussler,0,1,0
Germany,Malaika Mihambo,0,1,0
Georgia,Givi Matcharashvili,0,1,0
Georgia,Ilia Sulamanidze,0,1,0
Georgia,Tato Grigalashvili,0,1,0
France,Lauriane Nolot,0,1,0
France,Angele Hug,0,1,0
France,Valentin Madouas,0,1,0
France,Camille Jedrzejewski,0,1,0
France,Titouan Castryck,0,1,0
France,Anastasiia Kirpichnikova,0,1,0
France,Baptiste Addis,0,1,0
France,Stephane Landois,0,1,0
France,Sara Balzer,0,1,0
France,Billal Bennama,0,1,0
France,Cyrena Samba-Mayela,0,1,0
France,Thomas Chirault,0,1,0
France,Sylvain Andre,0,1,0
France,Victor Koretzky,0,1,0
France,Sofiane Oumiha,0,1,0
France,Karim Florent Laghouag,0,1,0
France,Elodie Clouvel,0,1,0
France,Yannick Borel,0,1,0
France,Jean-Charles Valladont,0,1,0
France,Nicolas Touzaint,0,1,0
Denmark,Cathrine Laudrup-Dufour,0,1,0
Denmark,Nanna Skodborg Merrald,0,1,0
Denmark,Daniel Bachmann Andersen,0,1,0
Denmark,Anne-Marie Rindom,0,1,0
Cyprus,Pavlos Kontides,0,1,0
Croatia,Donna Vekic,0,1,0
China,Song Jie,0,1,0
China,Wu Peng,0,1,0
China,Guo Qing,0,1,0
China,Deng Lijuan,0,1,0
China,Cao Liguo,0,1,0
China,He Bing Jiao,0,1,0
China,Yang Wenlu,0,1,0
China,Wang Zisai,0,1,0
China,Wang Chang,0,1,0
China,Liang Wei Keng,0,1,0
China,Tan Ning,0,1,0
China,Liu Sheng Shu,0,1,0
China,Qi Ying,0,1,0
China,Qiu Qiyuan,0,1,0
China,Li Jiaman,0,1,0
China,An Qixuan,0,1,0
China,Su Weide,0,1,0
China,Wang Xinyu,0,1,0
China,Zhou Yaqin,0,1,0
China,Zhang Zhizhen,0,1,0
China,Yang Xiaolei,0,1,0
China,Feng Bin,0,1,0
China,Yang Liu,0,1,0
Chile,Yasmani Acosta Fernandez,0,1,0
Canada,Abby Dent,0,1,0
Canada,Maya Meschkuleit,0,1,0
Canada,Caileigh Filmer,0,1,0
Canada,Brandie Wilkerson,0,1,0
Canada,Joshua Liendo,0,1,0
Canada,Avalon Wasteneys,0,1,0
Canada,Kasia Gruchalla-Wesierski,0,1,0
Canada,Sydney Payne,0,1,0
Canada,Kristen Kit,0,1,0
Canada,Maude Charron,0,1,0
Canada,Marco Arop,0,1,0
Canada,Kristina Walker,0,1,0
Canada,Jessica Sevick,0,1,0
Canada,Melissa Humana-Paredes,0,1,0
Bulgaria,Boryana Kaleyn,0,1,0
Brazil,Tatiana Weston-Webb,0,1,0
Brazil,Isaquias Queiroz,0,1,0
Brazil,Caio Bonfim,0,1,0
Belgium,Bashir Abdi,0,1,0
Azerbaijan,Gashim Magomedov,0,1,0
Australia,Alexandria Perkins,0,1,0
Australia,Moesha Johnson,0,1,0
Australia,William Yang,0,1,0
Australia,Pierre van der Westhuyzen,0,1,0
Australia,Jack Robinson,0,1,0
Australia,Ella Ramsay,0,1,0
Australia,Nicola Olyslagers,0,1,0
Australia,Grae Morris,0,1,0
Australia,Maddi Keeney,0,1,0
Australia,Noah Havard,0,1,0
Australia,Jackson Collins,0,1,0
Australia,Jack Cartwright,0,1,0
Australia,Jenna Strauch,0,1,0
Australia,Jessica Hull,0,1,0
Australia,Riley Fitzsimmons,0,1,0
Australia,Christopher Burton,0,1,0
Armenia,Varazdat Lalayan,0,1,0
Armenia,Artur Aleksanyan,0,1,0
Armenia,Artur Davtyan,0,1,0
Argentina,Eugenia Bosco,0,1,0
Argentina,Mateo Majdalani,0,1,0
Individual Neutral Athletes,Yauheni Tsikhantsou,0,0,1
Kosovo,Laura Fazliu,0,0,1
Refugee Olympic Team,Cindy Winner Djankeu Ngamba,0,0,1
Chinese Taipei,Chen Nien Chin,0,0,1
Chinese Taipei,Wu Shih Yi,0,0,1
Chinese Taipei,Tang Chia-Hung,0,0,1
Chinese Taipei,Kuo Hsing-Chun,0,0,1
Bahrain,Gor Minasyan,0,0,1
South Korea,Seong Seungmin,0,0,1
South Korea,Lee Dabin,0,0,1
South Korea,Lee Eunhye,0,0,1
South Korea,Jeon Jihee,0,0,1
South Korea,Lim Jonghoon,0,0,1
South Korea,Im Aeji,0,0,1
South Korea,Kim Woo-Min,0,0,1
Colombia,Tatiana Renteria Renteria,0,0,1
Zambia,Muzala SamuKonga,0,0,1
Tunisia,Mohamed Khalil Jendoubi,0,0,1
Singapore,Maximilian Maeder,0,0,1
Qatar,Mutaz Essa Barshim,0,0,1
Portugal,Patricia Sampaio,0,0,1
Philippines,Aira Villegas,0,0,1
Philippines,Nesthy Petecio,0,0,1
Peru,Stefano Peschiera,0,0,1
Malaysia,Zii Jia Lee,0,0,1
Malaysia,Wooi Yik Soh,0,0,1
Malaysia,Aaron Chia,0,0,1
Indonesia,Gregoria Mariska Tunjung,0,0,1
Guatemala,Jean Pierre Brol Cardenas,0,0,1
Grenada,Anderson Peters,0,0,1
Grenada,Lindon Victor,0,0,1
Egypt,Mohamed Elsayed,0,0,1
Ecuador,Angie Paola Palacios Dajomes,0,0,1
Ecuador,Neisi Patricia Dajomes Barrera,0,0,1
Dominican Republic,Cristian Javier Pinales,0,0,1
Dominican Republic,Yunior Alcantara Reyes,0,0,1
Cuba,Milaimy de la Carid Marin Potrille,0,0,1
Cuba,Luis Alberto Orta Sanchez,0,0,1
Cuba,Gabriel Alejandro Rosillo Kindelan,0,0,1
Cuba,Yarisleidis Cirilo Duboys,0,0,1
Cuba,Arlen Lopez Cardona,0,0,1
Cuba,Rafael Alba,0,0,1
Cape Verde,David de Pina,0,0,1
Ivory Coast,Cheick Sallah Cisse,0,0,1
Algeria,Djamel Sedjati,0,0,1
Albania,Islam Dudaev,0,0,1
Albania,Chermen Valiev,0,0,1
Uzbekistan,Alisher Yusupov,0,0,1
Uzbekistan,Muzaffarbek Turoboyev,0,0,1
Uzbekistan,Gulomjon Abdullaev,0,0,1
United States,Chris Carlson,0,0,1
United States,Samuel Watson,0,0,1
United States,Christian Tabash,0,0,1
United States,Nick Rusher,0,0,1
United States,Frederick Richard,0,0,1
United States,Pieter Quinton,0,0,1
United States,Evan Olson,0,0,1
United States,Hampton Morris,0,0,1
United States,Rielly Milne,0,0,1
United States,Paul Juda,0,0,1
United States,Omari Jones,0,0,1
United States,Asher Hong,0,0,1
United States,Henry Hollingsworth,0,0,1
United States,Hans Henken,0,0,1
United States,Taylor Fritz,0,0,1
United States,Peter Chatain,0,0,1
United States,Brittany Brown,0,0,1
United States,Ian Barrows,0,0,1
United States,Kyle Dake,0,0,1
United States,Nick Itkin,0,0,1
United States,Tommy Paul,0,0,1
United States,Fred Kerley,0,0,1
United States,Yared Nuguse,0,0,1
United States,Casey Kaufhold,0,0,1
United States,Emma Weyant,0,0,1
United States,Brody Malone,0,0,1
United States,Nyjah Huston,0,0,1
United States,Evy Leibfarth,0,0,1
United States,Clark Dean,0,0,1
United States,Helen Maroulis,0,0,1
Ukraine,Zhan Beleniuk,0,0,1
Ukraine,Iryna Gerashchenko,0,0,1
Ukraine,Mykhaylo Kokhan,0,0,1
Turkey,Nafia Kus Aydin,0,0,1
Turkey,Buse Cavusoglu Tosun,0,0,1
Turkey,Esra Yikdiz Kahraman,0,0,1
Turkey,Abdullah Yildirmis,0,0,1
Turkey,Berkim Tumer,0,0,1
Turkey,Mete Gazoz,0,0,1
Turkey,Taha Akgul,0,0,1
Thailand,Surodchana Khambao,0,0,1
Thailand,Janjaem Suwannapheng,0,0,1
Tajikistan,Davlat Boltaev,0,0,1
Tajikistan,Temur Rakhimov,0,0,1
Tajikistan,Somon Makhmadbekov,0,0,1
Switzerland,Nina Brunner,0,0,1
Switzerland,Audrey Gogniat,0,0,1
Switzerland,Tanja Huberli,0,0,1
Switzerland,Roman Mityukov,0,0,1
Switzerland,Zoe Claessens,0,0,1
Switzerland,Andrin Gulich,0,0,1
Switzerland,Roman Roosli,0,0,1
Sweden,Tara Babulfath,0,0,1
Sweden,Lovisa Karlsson,0,0,1
Sweden,Jenny Rissveds,0,0,1
Sweden,Anton Dahlberg,0,0,1
Spain,Marcus Cooper,0,0,1
Spain,Joan Moreno,0,0,1
Spain,Diego Dominguez,0,0,1
Spain,Enmanuel Reyes Pla,0,0,1
Spain,Pau Echaniz,0,0,1
Spain,Sara Sorribes Tormo,0,0,1
Spain,Cristina Bucsa,0,0,1
Spain,Carlos Arevalo,0,0,1
Spain,Rodrigo Germade,0,0,1
Spain,Francisco Garrigos,0,0,1
Spain,Saul Craviotto,0,0,1
South Africa,Alan Hatherly,0,0,1
Slovakia,Matej Benus,0,0,1
Romania,Ana Barbosu,0,0,1
Puerto Rico,Sebastian Rivera,0,0,1
Puerto Rico,Jasmine Camacho-Quinn,0,0,1
Poland,Aleksandra Kalucka,0,0,1
Poland,Iga Swiatek,0,0,1
Poland,Natalia Kaczmarek,0,0,1
Poland,Fabian Baranski,0,0,1
Poland,Dominik Czaja,0,0,1
Poland,Miroslaw Zietarski,0,0,1
Poland,Mateusz Biskup,0,0,1
Norway,Anders Berntsen Mol,0,0,1
Norway,Christian Sandlie Soerum,0,0,1
Norway,Grace Jacob Bullen,0,0,1
Norway,Line Flem Host,0,0,1
North Korea,Choe Hyo Gyong,0,0,1
North Korea,Ri Se Ung,0,0,1
North Korea,Pang Cholmi,0,0,1
New Zealand,Davina Waddy,0,0,1
New Zealand,Micah Wilkinson,0,0,1
New Zealand,Phoebe Spoors,0,0,1
New Zealand,Erica Dawson,0,0,1
New Zealand,Jackie Gowler,0,0,1
New Zealand,Kerri Gowler,0,0,1
Netherlands,Noortji de Brouwer,0,0,1
Netherlands,Lisa van Belle,0,0,1
Netherlands,Maike van der Duin,0,0,1
Netherlands,Annelous Lammerts,0,0,1
Netherlands,Maikel van der Vleuten,0,0,1
Netherlands,Luuc van Opzeeland,0,0,1
Netherlands,Caspar Corbeau,0,0,1
Netherlands,Tes Schouten,0,0,1
Netherlands,Bregje de Brouwer,0,0,1
Netherlands,Simon van Dorp,0,0,1
Moldova,Adil Osmanov,0,0,1
Moldova,Denis Vieru,0,0,1
Moldova,Serghei Tarnovschi,0,0,1
Mexico,Angela Ruiz,0,0,1
Mexico,Ana Vazquez,0,0,1
Mexico,Alejandra Valencia,0,0,1
Lithuania,Viktorija Senkute,0,0,1
Kyrgyzstan,Uzur Dzhuzupbekov,0,0,1
Kyrgyzstan,Akzhol Makhmudov,0,0,1
Kyrgyzstan,Zholaman Sharshenbekov,0,0,1
Kyrgyzstan,Aisuluu Tynybekova,0,0,1
Kenya,Benson Kipruto,0,0,1
Kenya,Faith Cherotich,0,0,1
Kenya,Mary Moraa,0,0,1
Kenya,Abraham Kibiwot,0,0,1
Kenya,Hellen Obiri,0,0,1
Kazakhstan,Nazym Kyzaibay,0,0,1
Kazakhstan,Gusman Kyrgyzbayev,0,0,1
Kazakhstan,Islam Satpayev,0,0,1
Kazakhstan,Alexandra Le,0,0,1
Japan,Nonoka Ozaki,0,0,1
Japan,Chiharu Shida,0,0,1
Japan,Nami Matsuyama,0,0,1
Japan,Ryuzo Kitajima,0,0,1
Japan,Yui Susaki,0,0,1
Japan,Yuta Watanabe,0,0,1
Japan,Arisa Higashino,0,0,1
Japan,Kazuma Tomoto,0,0,1
Japan,Hideki Matsuyama,0,0,1
Japan,Toshiyuki Tanaka,0,0,1
Japan,Yoshiaki Oiwa,0,0,1
Jamaica,Rajindra Campbell,0,0,1
Jamaica,Rasheed Broadbell,0,0,1
Italy,Laura Paris,0,0,1
Italy,Paolo Conte Bonin,0,0,1
Italy,Sofia Raffaeli,0,0,1
Italy,Giorgio Malan,0,0,1
Italy,Andy Diaz Hernandez,0,0,1
Italy,Mattia Furlani,0,0,1
Italy,Leonardo Deplano,0,0,1
Italy,Simone Alessio,0,0,1
Italy,Luigi Samele,0,0,1
Italy,Lorenzo Musetti,0,0,1
Italy,Agnese Duranti,0,0,1
Italy,Paolo Monna,0,0,1
Italy,Jonathan Milan,0,0,1
Italy,Daniela Mogurean,0,0,1
Italy,Manuel Frigo,0,0,1
Italy,Alessandro Miressi,0,0,1
Italy,Lorenzo Zazzeri,0,0,1
Italy,Antonino Pizzolato,0,0,1
Italy,Martina Centofanti,0,0,1
Italy,Alessia Maurelli,0,0,1
Italy,Francesco Lamon,0,0,1
Israel,Peter Paltchik,0,0,1
Ireland,Daire Lynch,0,0,1
Ireland,Mona McSharry,0,0,1
Ireland,Philip Doyle,0,0,1
Iran,Amirali Azarpira,0,0,1
Iran,Mobina Nematzadeh,0,0,1
Iran,Amin Mirzazadeh,0,0,1
India,Aman Aman,0,0,1
India,Swapnil Kusale,0,0,1
India,Sarabjot Singh,0,0,1
Hungary,David Betlehem,0,0,1
Hungary,Eszter Muhari,0,0,1
Hungary,Veronika Major,0,0,1
Hungary,Balint Kopasz,0,0,1
Greece,Dauren Kurugliev,0,0,1
Greece,Dimitra Eleni Kontou,0,0,1
Greece,Petros Gkaidatzis,0,0,1
Greece,Antonios Papakonstantinou,0,0,1
Greece,Theodoros Tselidis,0,0,1
Greece,Emmanouil Karalis,0,0,1
Greece,Eleftherios Petrounias,0,0,1
Greece,Zoi Fitsiou,0,0,1
Great Britain,Hannah Kelly,0,0,1
Great Britain,Lewis Davey,0,0,1
Great Britain,Rebecca Wilde,0,0,1
Great Britain,Oliver Wilkes,0,0,1
Great Britain,Eve Stewart,0,0,1
Great Britain,Jess Roberts,0,0,1
Great Britain,Lewis Richardson,0,0,1
Great Britain,Victoria Ohuruogu,0,0,1
Great Britain,Lina Nielsen,0,0,1
Great Britain,Anna Morris,0,0,1
Great Britain,Becky Moody,0,0,1
Great Britain,Heidi Long,0,0,1
Great Britain,Yemi Mary John,0,0,1
Great Britain,Jake Jarman,0,0,1
Great Britain,Lauren Irwin,0,0,1
Great Britain,Louie Hinchliffe,0,0,1
Great Britain,Harry Hepworth,0,0,1
Great Britain,Toby Harries,0,0,1
Great Britain,Yasmin Harper,0,0,1
Great Britain,Anthony Harding,0,0,1
Great Britain,Holly Dunford,0,0,1
Great Britain,Charles Dobson,0,0,1
Great Britain,Sam Dickinson,0,0,1
Great Britain,Freddie Davidson,0,0,1
Great Britain,Annie Campbell-Orde,0,0,1
Great Britain,Georgia Bell,0,0,1
Great Britain,Jeremiah Azu,0,0,1
Great Britain,David Ambler,0,0,1
Great Britain,Matt Aldridge,0,0,1
Great Britain,Zharnel Hughes,0,0,1
Great Britain,Emily Campbell,0,0,1
Great Britain,Emma Wilson,0,0,1
Great Britain,Scarlett Mew Jensen,0,0,1
Great Britain,Henry Fieldman,0,0,1
Great Britain,Harriet Taylor,0,0,1
Great Britain,Sky Brown,0,0,1
Great Britain,Mathilda Hodgkins-Byrne,0,0,1
Great Britain,Georgia Taylor-Brown,0,0,1
Great Britain,Rowan McKellar,0,0,1
Great Britain,Josie Knight,0,0,1
Great Britain,Andrea Spendolini Sirieix,0,0,1
Great Britain,Emily Ford,0,0,1
Great Britain,Richard Kilty,0,0,1
Great Britain,Nethaneel Mitchell-Blake,0,0,1
Great Britain,Jodie Williams,0,0,1
Great Britain,Lois Toulson,0,0,1
Great Britain,Jack Laugher,0,0,1
Great Britain,Carl Hester,0,0,1
Germany,Sophia Junk,0,0,1
Germany,Gina Lueckenkemper,0,0,1
Germany,Pauline Grabosch,0,0,1
Germany,Noah Hegge,0,0,1
Germany,Nelvie Raman Tiafack,0,0,1
Germany,Pia Greiten,0,0,1
Germany,Tabea Schendekehl,0,0,1
Germany,Maren Voelz,0,0,1
Germany,Alexandra Burghardt,0,0,1
Germany,Leonie Menzel,0,0,1
Germany,Isabel Gose,0,0,1
Germany,Emma Hinze,0,0,1
Germany,Lisa Mayer,0,0,1
Germany,Rebekka Haase,0,0,1
Georgia,Lasha Guruli,0,0,1
France,Alexis Lebrun,0,0,1
France,Cyrian Ravet,0,0,1
France,Clement Secchi,0,0,1
France,Rafael Fente-Damers,0,0,1
France,Djamili-Dini Aboudou Moindze,0,0,1
France,Christophe Laporte,0,0,1
France,Romain Mathieu,0,0,1
France,Julien Epaillard,0,0,1
France,Olivier Perreau,0,0,1
France,Yohann Ndoye-Brouard,0,0,1
France,Leo Bergere,0,0,1
France,Johanne Defay,0,0,1
France,Lisa Barbelin,0,0,1
France,Maxime Grousset,0,0,1
France,Anthony Jeanjean,0,0,1
France,Simon Gauzy,0,0,1
France,Simon Delestre,0,0,1
France,Charline Picon,0,0,1
France,Sarah Steyaert,0,0,1
Denmark,Michael Moerkoev,0,0,1
Denmark,Emma Aastrand Jorgensen,0,0,1
Denmark,Edi Hrnic,0,0,1
Denmark,Turpal Ali Bisultanov,0,0,1
Denmark,Niklas Larsen,0,0,1
Czechia,Nikola Ogrodnikova,0,0,1
Croatia,Lena Stojkovic,0,0,1
Croatia,Sandra Elkasevic,0,0,1
Croatia,Miran Maricic,0,0,1
China,Xiyu Lin,0,0,1
China,Hong Kexin,0,0,1
China,Liang Yushuai,0,0,1
China,Feng Ziqi,0,0,1
China,Zhao Jie,0,0,1
China,Meng Lingzhe,0,0,1
China,Lyu Jianlin,0,0,1
China,Jiang Yiting,0,0,1
China,Wang Xinjie,0,0,1
China,Wan Letian,0,0,1
China,Kong  Yaqi,0,0,1
China,Yan Langyu,0,0,1
China,Zhang Qiongyue,0,0,1
China,Ge Chutong,0,0,1
China,Pang Qianyu,0,0,1
China,Ma Zhenzhao,0,0,1
China,Cheng Yujie,0,0,1
China,Li Bingjie,0,0,1
China,Song Jiayuan,0,0,1
China,Tang Muhan,0,0,1
China,Wang Xueer,0,0,1
China,Liu Yaxin,0,0,1
China,Wang Shun,0,0,1
Canada,Sloan Mackenzie,0,0,1
Canada,Sophiane Methot,0,0,1
Canada,Skylar Park,0,0,1
Canada,Wyatt Sanford,0,0,1
Canada,Felix Auger-Aliassime,0,0,1
Canada,Nathan Zsombor-Murray,0,0,1
Canada,Rylan Wiens,0,0,1
Canada,Alysha Newman,0,0,1
Canada,Eleanor Harvey,0,0,1
Canada,Kylie Masse,0,0,1
Canada,Gabriela Dabrowski,0,0,1
Bulgaria,Bozhidar Dimitrov Andreev,0,0,1
Bulgaria,Alizadeh Kimia,0,0,1
Bulgaria,Javier Ibanez Diaz,0,0,1
Brazil,Edvial Pontes,0,0,1
Brazil,Augusto Akio,0,0,1
Brazil,Beatriz Iasmin Soares Ferreira,0,0,1
Brazil,Julia Soares,0,0,1
Brazil,Alison Dos Santos,0,0,1
Brazil,Gabriel Medina,0,0,1
Brazil,Rayssa Leal,0,0,1
Brazil,Flavia Saraiva,0,0,1
Brazil,Lorrane Oliveira,0,0,1
Brazil,Jade Barbosa,0,0,1
Belgium,Sarah Chaari,0,0,1
Belgium,Fabio van den Bossche,0,0,1
Belgium,Gabriella Willems,0,0,1
Belgium,Wout van Aert,0,0,1
Belgium,Noor Vidts,0,0,1
Belgium,Lotte Kopecky,0,0,1
Azerbaijan,Magomedkhan Magomedov,0,0,1
Azerbaijan,Giorgi Meshvildishvili,0,0,1
Azerbaijan,Hasrat Jafarov,0,0,1
Austria,Michaela Polleres,0,0,1
Austria,Jessica Pilz,0,0,1
Austria,Jakob Schubert,0,0,1
Australia,Leigh Hoffman,0,0,1
Australia,Joshua Yong,0,0,1
Australia,Charlie Senior,0,0,1
Australia,Maximillian Giuliani,0,0,1
Australia,Caitlin Parker,0,0,1
Australia,Matthew Temple,0,0,1
Australia,Penny Smith,0,0,1
Australia,Jessica Morrison,0,0,1
Australia,Thomas Green,0,0,1
Australia,Jean van der Westhuyzen,0,0,1
Australia,Thomas Neill,0,0,1
Australia,Zac Incerti,0,0,1
Australia,Annabelle McIntyre,0,0,1
Australia,Natalya Diehm,0,0,1
Australia,Eleanor Patterson,0,0,1
Australia,Rhydian Cowley,0,0,1
Australia,Matthew Denny,0,0,1
Armenia,Malkhas Amoyan,0,0,1